Workbook

Sheet Dashboard
B2: Dashboard – حملة توزيع المناديل على المحطات منخفضة المبيعات
B4: عدد المحطات المستهدفة | C4: =COUNTA('المحطات المستهدفة'!B2:B101) | E4: طريقة الاستهداف
B5: المحطات المكتملة | C5: =COUNTIF('المحطات المستهدفة'!O2:O101,"مكتملة") | E5: المحطات ذات المبيعات الأقل من المستهدف، مع إعطاء أولوية للمحطات الأقل أداءً.
B6: المحطات الجاري تنفيذها | C6: =COUNTIF('المحطات المستهدفة'!O2:O101,"جاري")
B7: المحطات المتبقية | C7: =B4-B5-B6
B8: إجمالي المناديل المخططة | C8: =SUM('المحطات المستهدفة'!L2:L101) | E8: قياس النجاح
B9: إجمالي المناديل الموزعة فعليًا | C9: =SUM('متابعة التنفيذ'!F2:F101) | E9: قارني مبيعات ما بعد الحملة بالمبيعات قبل الحملة، وراقبي التحسن أسبوعيًا.
B10: متوسط نسبة التغير | C10: =IFERROR(AVERAGE('نتائج الحملة'!H2:H101),0)
B11: تكلفة الحملة (ر.س) | C11: ='أساس التوزيع'!C10 | E11: أساس توزيع الكمية
B12: وحدة المبيعات | C12: لتر | E12: الكمية موزَّعة بنسبة عدد العملاء في كل محطة — زيارات يوليو 2026. التفصيل والمُحدِّدات في ورقة «أساس التوزيع»: غيّر «مدة الحملة» أو «علبة واحدة لكل كم عميل» فتُعاد كل الكميات تلقائيًا.
B14: طريقة الاستخدام
B15: 1) أدخلي المحطات المستهدفة والمبيعات والمستهدف الشهري في ورقة «المحطات المستهدفة».
B16: 2) حددي الأولوية وكمية المناديل وتاريخ التوزيع.
B17: 3) استخدمي «خطة التوزيع» لترتيب التوزيع أسبوعيًا.
B18: 4) بعد كل توزيع، سجلي الكمية الفعلية ورابط الصور في «متابعة التنفيذ».
B19: 5) سجلي المبيعات الأسبوعية في «نتائج الحملة» لمقارنة الأثر.

Sheet أساس التوزيع
B2: أساس توزيع المناديل — الكمية بنسبة عدد العملاء في كل محطة
B3: مدة الحملة (أسابيع) | C3: 4 | E3: كيف تتغيّر الخطة
B4: أيام التوزيع | C4: =C3*7 | E4: الكميات كلها صيغ مربوطة بالخليتين C3 و C5. غيّر «مدة الحملة» أو «علبة واحدة لكل كم عميل» فتُعاد الكميات وأسابيع التوزيع والتكاليف تلقائيًا في كل الأوراق — لا تكتب كمية يدويًا إلا إذا أردت تثبيتها.
B5: علبة واحدة لكل كم عميل | C5: 4
B6: معدل التغطية | C6: =IFERROR(1/C5,0)
B7: تكلفة العلبة (ر.س) | C7: 1.5
B8: إجمالي عملاء الشهر | C8: =SUM(D13:D17)
B9: إجمالي المناديل المخططة | C9: =SUM(I13:I17)
B10: تكلفة الحملة (ر.س) | C10: =C9*C7
A12: كود المحطة | B12: اسم المحطة | C12: الحي | D12: عملاء الشهر (زيارات يوليو) | E12: أيام الشهر | F12: عملاء/يوم | G12: نسبة العملاء | H12: الأولوية | I12: كمية المناديل المخططة | J12: معدل التوزيع اليومي | K12: تغطية العملاء | L12: التكلفة (ر.س)
A13: MK002 | B13: درب المعيصم | C13: حي المعيصم | D13: 18107 | E13: 31 | F13: =ROUND(D13/E13,0) | G13: =IFERROR(D13/$C$8,0) | H13: أولوية 1 - مرتفعة | I13: =ROUND(F13*$C$4*$C$6,-2) | J13: =ROUND(I13/$C$4,0) | K13: =IFERROR(I13/(F13*$C$4),0) | L13: =I13*$C$7
A14: MK019 | B14: درب عرفات الشرايع | C14: حي الخضراء | D14: 10863 | E14: 30 | F14: =ROUND(D14/E14,0) | G14: =IFERROR(D14/$C$8,0) | H14: أولوية 1 - مرتفعة | I14: =ROUND(F14*$C$4*$C$6,-2) | J14: =ROUND(I14/$C$4,0) | K14: =IFERROR(I14/(F14*$C$4),0) | L14: =I14*$C$7
A15: MK023 | B15: درب بن درويش | C15: حي الخضراء | D15: 21575 | E15: 31 | F15: =ROUND(D15/E15,0) | G15: =IFERROR(D15/$C$8,0) | H15: أولوية 2 - متوسطة | I15: =ROUND(F15*$C$4*$C$6,-2) | J15: =ROUND(I15/$C$4,0) | K15: =IFERROR(I15/(F15*$C$4),0) | L15: =I15*$C$7
A16: MK007 | B16: درب العمرة النورية | C16: حي العمرة الجديدة | D16: 136584 | E16: 31 | F16: =ROUND(D16/E16,0) | G16: =IFERROR(D16/$C$8,0) | H16: أولوية 2 - متوسطة | I16: =ROUND(F16*$C$4*$C$6,-2) | J16: =ROUND(I16/$C$4,0) | K16: =IFERROR(I16/(F16*$C$4),0) | L16: =I16*$C$7
A17: MK017 | B17: درب عرفات الشوقية | C17: حي الشوقية | D17: 35640 | E17: 31 | F17: =ROUND(D17/E17,0) | G17: =IFERROR(D17/$C$8,0) | H17: أولوية 3 - منخفضة | I17: =ROUND(F17*$C$4*$C$6,-2) | J17: =ROUND(I17/$C$4,0) | K17: =IFERROR(I17/(F17*$C$4),0) | L17: =I17*$C$7
A18: الإجمالي | D18: =SUM(D13:D17) | F18: =SUM(F13:F17) | G18: =SUM(G13:G17) | I18: =SUM(I13:I17) | L18: =SUM(L13:L17)
B20: المصدر
B21: عدد العملاء = الزيارات المسجَّلة في يوليو 2026 بمنصّة تحليل المحطات الخمس (آخر شهر مُقاس كاملًا؛ MK019 ثلاثون يومًا لنقص يوم في المصدر). الفعلي والموازنة بالّلتر من ملف Sales Analysis 2026. التقريب لأقرب 100 علبة لتسهيل التعبئة بالكراتين.
B23: ملاحظة على الأساس
B24: التوزيع بنسبة عدد العملاء وحده يمنح MK007 نحو 61٪ من الكمية لأنها الأكبر حركةً، مع أن إنجازها 93٪؛ بينما MK002 و MK019 — وفجوتهما معًا 1.82 مليون لتر شهريًا وإنجازهما 24٪ و29٪ — تأخذان 13٪ فقط. عمود «الأولوية» هنا يوازن ذلك تشغيليًا؛ ولو أُريد ترجيح الكمية بالأولوية لا بعدد العملاء فهو تغيير في قاعدة التوزيع يُقرَّر صراحةً.

Sheet المحطات المستهدفة
A1: م | B1: كود المحطة | C1: اسم المحطة | D1: المدينة | E1: المنطقة | F1: المبيعات قبل الحملة (لتر) | G1: المستهدف الشهري (لتر) | H1: الفارق عن المستهدف | I1: تصنيف المبيعات | J1: الأولوية | K1: الهدف من الحملة | L1: كمية المناديل المخططة | M1: تاريخ التوزيع المخطط | N1: المسؤول | O1: الحالة | P1: ملاحظات
A2: 1 | B2: MK002 | C2: درب المعيصم | D2: مكة | E2: حي المعيصم | F2: 375727 | G2: 1568154 | H2: =IF(OR(F2="",G2=""),"",F2-G2) | I2: =IF(F2="","",IF(F2<G2*0.7,"منخفضة جدًا",IF(F2<G2,"منخفضة","مقبولة"))) | J2: أولوية 1 - مرتفعة | K2: سدّ فجوة 1,192,427 لتر شهريًا — أكبر فجوة في الشبكة وأقل إنجاز | L2: ='أساس التوزيع'!I13 | M2: 46306 | N2: مدير المحطة | O2: لم تبدأ | P2: الإنجاز في يوليو 24٪ · الذروة 6م · الكمية بنسبة 18,107 عميل
A3: 2 | B3: MK019 | C3: درب عرفات الشرايع | D3: مكة | E3: حي الخضراء | F3: 250930 | G3: 875943 | H3: =IF(OR(F3="",G3=""),"",F3-G3) | I3: =IF(F3="","",IF(F3<G3*0.7,"منخفضة جدًا",IF(F3<G3,"منخفضة","مقبولة"))) | J3: أولوية 1 - مرتفعة | K3: سدّ فجوة 625,013 لتر شهريًا — ثاني أقل إنجاز | L3: ='أساس التوزيع'!I14 | M3: 46306 | N3: مدير المحطة | O3: لم تبدأ | P3: الإنجاز في يوليو 29٪ · الذروة 9م · الكمية بنسبة 10,863 عميل
A4: 3 | B4: MK023 | C4: درب بن درويش | D4: مكة | E4: حي الخضراء | F4: 428657 | G4: 502777 | H4: =IF(OR(F4="",G4=""),"",F4-G4) | I4: =IF(F4="","",IF(F4<G4*0.7,"منخفضة جدًا",IF(F4<G4,"منخفضة","مقبولة"))) | J4: أولوية 2 - متوسطة | K4: سدّ فجوة 74,120 لتر والعودة إلى تحقيق الموازنة | L4: ='أساس التوزيع'!I15 | M4: 46306 | N4: مدير المحطة | O4: لم تبدأ | P4: الإنجاز في يوليو 85٪ · الذروة 5م · الكمية بنسبة 21,575 عميل
A5: 4 | B5: MK007 | C5: درب العمرة النورية | D5: مكة | E5: حي العمرة الجديدة | F5: 4111763 | G5: 4438091 | H5: =IF(OR(F5="",G5=""),"",F5-G5) | I5: =IF(F5="","",IF(F5<G5*0.7,"منخفضة جدًا",IF(F5<G5,"منخفضة","مقبولة"))) | J5: أولوية 2 - متوسطة | K5: سدّ فجوة 326,328 لتر — أكبر قاعدة عملاء، فأعلى وصول لكل علبة | L5: ='أساس التوزيع'!I16 | M5: 46306 | N5: مدير المحطة | O5: لم تبدأ | P5: الإنجاز في يوليو 93٪ · الذروة 5م · الكمية بنسبة 136,584 عميل
A6: 5 | B6: MK017 | C6: درب عرفات الشوقية | D6: مكة | E6: حي الشوقية | F6: 744369 | G6: 769484 | H6: =IF(OR(F6="",G6=""),"",F6-G6) | I6: =IF(F6="","",IF(F6<G6*0.7,"منخفضة جدًا",IF(F6<G6,"منخفضة","مقبولة"))) | J6: أولوية 3 - منخفضة | K6: فوق الموازنة — الهدف حفاظ على العملاء ومنع تسرّبهم للمنافس | L6: ='أساس التوزيع'!I17 | M6: 46306 | N6: مدير المحطة | O6: لم تبدأ | P6: الإنجاز في يوليو 97٪ · الذروة 10م · الكمية بنسبة 35,640 عميل
A7: 6 | H7: =IF(OR(F7="",G7=""),"",F7-G7) | I7: =IF(F7="","",IF(F7<G7*0.7,"منخفضة جدًا",IF(F7<G7,"منخفضة","مقبولة")))
A8: 7 | H8: =IF(OR(F8="",G8=""),"",F8-G8) | I8: =IF(F8="","",IF(F8<G8*0.7,"منخفضة جدًا",IF(F8<G8,"منخفضة","مقبولة")))
A9: 8 | H9: =IF(OR(F9="",G9=""),"",F9-G9) | I9: =IF(F9="","",IF(F9<G9*0.7,"منخفضة جدًا",IF(F9<G9,"منخفضة","مقبولة")))
A10: 9 | H10: =IF(OR(F10="",G10=""),"",F10-G10) | I10: =IF(F10="","",IF(F10<G10*0.7,"منخفضة جدًا",IF(F10<G10,"منخفضة","مقبولة")))
A11: 10 | H11: =IF(OR(F11="",G11=""),"",F11-G11) | I11: =IF(F11="","",IF(F11<G11*0.7,"منخفضة جدًا",IF(F11<G11,"منخفضة","مقبولة")))
A12: 11 | H12: =IF(OR(F12="",G12=""),"",F12-G12) | I12: =IF(F12="","",IF(F12<G12*0.7,"منخفضة جدًا",IF(F12<G12,"منخفضة","مقبولة")))
A13: 12 | H13: =IF(OR(F13="",G13=""),"",F13-G13) | I13: =IF(F13="","",IF(F13<G13*0.7,"منخفضة جدًا",IF(F13<G13,"منخفضة","مقبولة")))
A14: 13 | H14: =IF(OR(F14="",G14=""),"",F14-G14) | I14: =IF(F14="","",IF(F14<G14*0.7,"منخفضة جدًا",IF(F14<G14,"منخفضة","مقبولة")))
A15: 14 | H15: =IF(OR(F15="",G15=""),"",F15-G15) | I15: =IF(F15="","",IF(F15<G15*0.7,"منخفضة جدًا",IF(F15<G15,"منخفضة","مقبولة")))
A16: 15 | H16: =IF(OR(F16="",G16=""),"",F16-G16) | I16: =IF(F16="","",IF(F16<G16*0.7,"منخفضة جدًا",IF(F16<G16,"منخفضة","مقبولة")))
A17: 16 | H17: =IF(OR(F17="",G17=""),"",F17-G17) | I17: =IF(F17="","",IF(F17<G17*0.7,"منخفضة جدًا",IF(F17<G17,"منخفضة","مقبولة")))
A18: 17 | H18: =IF(OR(F18="",G18=""),"",F18-G18) | I18: =IF(F18="","",IF(F18<G18*0.7,"منخفضة جدًا",IF(F18<G18,"منخفضة","مقبولة")))
... A101: 100 | H101: =IF(OR(F101="",G101=""),"",F101-G101) | I101: =IF(F101="","",IF(F101<G101*0.7,"منخفضة جدًا",IF(F101<G101,"منخفضة","مقبولة")))

Sheet خطة التوزيع
A1: الأسبوع | B1: التاريخ | C1: المدينة | D1: المنطقة | E1: عدد المحطات | F1: أكواد المحطات | G1: كمية المناديل | H1: جهة التوزيع | I1: المسؤول | J1: الحالة | K1: ملاحظات
A2: الأسبوع 1 | B2: 46306 | C2: مكة | D2: حي المعيصم | E2: 1 | F2: MK002 | G2: =ROUND('أساس التوزيع'!I13/'أساس التوزيع'!$C$3,0) | H2: موظفو المحطة | I2: مشرف الوردية | J2: لم تبدأ | K2: درب المعيصم — تركيز على الذروة 6م
A3: الأسبوع 1 | B3: 46306 | C3: مكة | D3: حي الخضراء | E3: 1 | F3: MK019 | G3: =ROUND('أساس التوزيع'!I14/'أساس التوزيع'!$C$3,0) | H3: موظفو المحطة | I3: مشرف الوردية | J3: لم تبدأ | K3: درب عرفات الشرايع — تركيز على الذروة 9م
A4: الأسبوع 1 | B4: 46306 | C4: مكة | D4: حي الخضراء | E4: 1 | F4: MK023 | G4: =ROUND('أساس التوزيع'!I15/'أساس التوزيع'!$C$3,0) | H4: موظفو المحطة | I4: مشرف الوردية | J4: لم تبدأ | K4: درب بن درويش — تركيز على الذروة 5م
A5: الأسبوع 1 | B5: 46306 | C5: مكة | D5: حي العمرة الجديدة | E5: 1 | F5: MK007 | G5: =ROUND('أساس التوزيع'!I16/'أساس التوزيع'!$C$3,0) | H5: موظفو المحطة | I5: مشرف الوردية | J5: لم تبدأ | K5: درب العمرة النورية — تركيز على الذروة 5م
A6: الأسبوع 1 | B6: 46306 | C6: مكة | D6: حي الشوقية | E6: 1 | F6: MK017 | G6: =ROUND('أساس التوزيع'!I17/'أساس التوزيع'!$C$3,0) | H6: موظفو المحطة | I6: مشرف الوردية | J6: لم تبدأ | K6: درب عرفات الشوقية — تركيز على الذروة 10م
A7: الأسبوع 2 | B7: 46313 | C7: مكة | D7: حي المعيصم | E7: 1 | F7: MK002 | G7: =ROUND('أساس التوزيع'!I13/'أساس التوزيع'!$C$3,0) | H7: موظفو المحطة | I7: مشرف الوردية | J7: لم تبدأ | K7: درب المعيصم — تركيز على الذروة 6م
A8: الأسبوع 2 | B8: 46313 | C8: مكة | D8: حي الخضراء | E8: 1 | F8: MK019 | G8: =ROUND('أساس التوزيع'!I14/'أساس التوزيع'!$C$3,0) | H8: موظفو المحطة | I8: مشرف الوردية | J8: لم تبدأ | K8: درب عرفات الشرايع — تركيز على الذروة 9م
A9: الأسبوع 2 | B9: 46313 | C9: مكة | D9: حي الخضراء | E9: 1 | F9: MK023 | G9: =ROUND('أساس التوزيع'!I15/'أساس التوزيع'!$C$3,0) | H9: موظفو المحطة | I9: مشرف الوردية | J9: لم تبدأ | K9: درب بن درويش — تركيز على الذروة 5م
A10: الأسبوع 2 | B10: 46313 | C10: مكة | D10: حي العمرة الجديدة | E10: 1 | F10: MK007 | G10: =ROUND('أساس التوزيع'!I16/'أساس التوزيع'!$C$3,0) | H10: موظفو المحطة | I10: مشرف الوردية | J10: لم تبدأ | K10: درب العمرة النورية — تركيز على الذروة 5م
A11: الأسبوع 2 | B11: 46313 | C11: مكة | D11: حي الشوقية | E11: 1 | F11: MK017 | G11: =ROUND('أساس التوزيع'!I17/'أساس التوزيع'!$C$3,0) | H11: موظفو المحطة | I11: مشرف الوردية | J11: لم تبدأ | K11: درب عرفات الشوقية — تركيز على الذروة 10م
A12: الأسبوع 3 | B12: 46320 | C12: مكة | D12: حي المعيصم | E12: 1 | F12: MK002 | G12: =ROUND('أساس التوزيع'!I13/'أساس التوزيع'!$C$3,0) | H12: موظفو المحطة | I12: مشرف الوردية | J12: لم تبدأ | K12: درب المعيصم — تركيز على الذروة 6م
A13: الأسبوع 3 | B13: 46320 | C13: مكة | D13: حي الخضراء | E13: 1 | F13: MK019 | G13: =ROUND('أساس التوزيع'!I14/'أساس التوزيع'!$C$3,0) | H13: موظفو المحطة | I13: مشرف الوردية | J13: لم تبدأ | K13: درب عرفات الشرايع — تركيز على الذروة 9م
A14: الأسبوع 3 | B14: 46320 | C14: مكة | D14: حي الخضراء | E14: 1 | F14: MK023 | G14: =ROUND('أساس التوزيع'!I15/'أساس التوزيع'!$C$3,0) | H14: موظفو المحطة | I14: مشرف الوردية | J14: لم تبدأ | K14: درب بن درويش — تركيز على الذروة 5م
A15: الأسبوع 3 | B15: 46320 | C15: مكة | D15: حي العمرة الجديدة | E15: 1 | F15: MK007 | G15: =ROUND('أساس التوزيع'!I16/'أساس التوزيع'!$C$3,0) | H15: موظفو المحطة | I15: مشرف الوردية | J15: لم تبدأ | K15: درب العمرة النورية — تركيز على الذروة 5م
A16: الأسبوع 3 | B16: 46320 | C16: مكة | D16: حي الشوقية | E16: 1 | F16: MK017 | G16: =ROUND('أساس التوزيع'!I17/'أساس التوزيع'!$C$3,0) | H16: موظفو المحطة | I16: مشرف الوردية | J16: لم تبدأ | K16: درب عرفات الشوقية — تركيز على الذروة 10م
A17: الأسبوع 4 | B17: 46327 | C17: مكة | D17: حي المعيصم | E17: 1 | F17: MK002 | G17: =ROUND('أساس التوزيع'!I13/'أساس التوزيع'!$C$3,0) | H17: موظفو المحطة | I17: مشرف الوردية | J17: لم تبدأ | K17: درب المعيصم — تركيز على الذروة 6م
A18: الأسبوع 4 | B18: 46327 | C18: مكة | D18: حي الخضراء | E18: 1 | F18: MK019 | G18: =ROUND('أساس التوزيع'!I14/'أساس التوزيع'!$C$3,0) | H18: موظفو المحطة | I18: مشرف الوردية | J18: لم تبدأ | K18: درب عرفات الشرايع — تركيز على الذروة 9م
A19: الأسبوع 4 | B19: 46327 | C19: مكة | D19: حي الخضراء | E19: 1 | F19: MK023 | G19: =ROUND('أساس التوزيع'!I15/'أساس التوزيع'!$C$3,0) | H19: موظفو المحطة | I19: مشرف الوردية | J19: لم تبدأ | K19: درب بن درويش — تركيز على الذروة 5م
A20: الأسبوع 4 | B20: 46327 | C20: مكة | D20: حي العمرة الجديدة | E20: 1 | F20: MK007 | G20: =ROUND('أساس التوزيع'!I16/'أساس التوزيع'!$C$3,0) | H20: موظفو المحطة | I20: مشرف الوردية | J20: لم تبدأ | K20: درب العمرة النورية — تركيز على الذروة 5م
A21: الأسبوع 4 | B21: 46327 | C21: مكة | D21: حي الشوقية | E21: 1 | F21: MK017 | G21: =ROUND('أساس التوزيع'!I17/'أساس التوزيع'!$C$3,0) | H21: موظفو المحطة | I21: مشرف الوردية | J21: لم تبدأ | K21: درب عرفات الشوقية — تركيز على الذروة 10م

Sheet متابعة التنفيذ
A1: م | B1: كود المحطة | C1: اسم المحطة | D1: تاريخ التوزيع | E1: الكمية المخططة | F1: الكمية الفعلية | G1: الفرق | H1: المستلم/المسؤول | I1: الحالة | J1: رابط الصور/الإثبات | K1: ملاحظات
A2: 1 | B2: MK002 | C2: درب المعيصم | D2: 46306 | E2: ='خطة التوزيع'!G2 | G2: =IF(OR(E2="",F2=""),"",F2-E2) | I2: لم تبدأ | K2: الأسبوع 1
A3: 2 | B3: MK019 | C3: درب عرفات الشرايع | D3: 46306 | E3: ='خطة التوزيع'!G3 | G3: =IF(OR(E3="",F3=""),"",F3-E3) | I3: لم تبدأ | K3: الأسبوع 1
A4: 3 | B4: MK023 | C4: درب بن درويش | D4: 46306 | E4: ='خطة التوزيع'!G4 | G4: =IF(OR(E4="",F4=""),"",F4-E4) | I4: لم تبدأ | K4: الأسبوع 1
A5: 4 | B5: MK007 | C5: درب العمرة النورية | D5: 46306 | E5: ='خطة التوزيع'!G5 | G5: =IF(OR(E5="",F5=""),"",F5-E5) | I5: لم تبدأ | K5: الأسبوع 1
A6: 5 | B6: MK017 | C6: درب عرفات الشوقية | D6: 46306 | E6: ='خطة التوزيع'!G6 | G6: =IF(OR(E6="",F6=""),"",F6-E6) | I6: لم تبدأ | K6: الأسبوع 1
A7: 6 | B7: MK002 | C7: درب المعيصم | D7: 46313 | E7: ='خطة التوزيع'!G7 | G7: =IF(OR(E7="",F7=""),"",F7-E7) | I7: لم تبدأ | K7: الأسبوع 2
A8: 7 | B8: MK019 | C8: درب عرفات الشرايع | D8: 46313 | E8: ='خطة التوزيع'!G8 | G8: =IF(OR(E8="",F8=""),"",F8-E8) | I8: لم تبدأ | K8: الأسبوع 2
A9: 8 | B9: MK023 | C9: درب بن درويش | D9: 46313 | E9: ='خطة التوزيع'!G9 | G9: =IF(OR(E9="",F9=""),"",F9-E9) | I9: لم تبدأ | K9: الأسبوع 2
A10: 9 | B10: MK007 | C10: درب العمرة النورية | D10: 46313 | E10: ='خطة التوزيع'!G10 | G10: =IF(OR(E10="",F10=""),"",F10-E10) | I10: لم تبدأ | K10: الأسبوع 2
A11: 10 | B11: MK017 | C11: درب عرفات الشوقية | D11: 46313 | E11: ='خطة التوزيع'!G11 | G11: =IF(OR(E11="",F11=""),"",F11-E11) | I11: لم تبدأ | K11: الأسبوع 2
A12: 11 | B12: MK002 | C12: درب المعيصم | D12: 46320 | E12: ='خطة التوزيع'!G12 | G12: =IF(OR(E12="",F12=""),"",F12-E12) | I12: لم تبدأ | K12: الأسبوع 3
A13: 12 | B13: MK019 | C13: درب عرفات الشرايع | D13: 46320 | E13: ='خطة التوزيع'!G13 | G13: =IF(OR(E13="",F13=""),"",F13-E13) | I13: لم تبدأ | K13: الأسبوع 3
... A21: 20 | B21: MK017 | C21: درب عرفات الشوقية | D21: 46327 | E21: ='خطة التوزيع'!G21 | G21: =IF(OR(E21="",F21=""),"",F21-E21) | I21: لم تبدأ | K21: الأسبوع 4
A22: 21 | G22: =IF(OR(E22="",F22=""),"",F22-E22)
A23: 22 | G23: =IF(OR(E23="",F23=""),"",F23-E23)
A24: 23 | G24: =IF(OR(E24="",F24=""),"",F24-E24)
A25: 24 | G25: =IF(OR(E25="",F25=""),"",F25-E25)
A26: 25 | G26: =IF(OR(E26="",F26=""),"",F26-E26)
A27: 26 | G27: =IF(OR(E27="",F27=""),"",F27-E27)
A28: 27 | G28: =IF(OR(E28="",F28=""),"",F28-E28)
A29: 28 | G29: =IF(OR(E29="",F29=""),"",F29-E29)
A30: 29 | G30: =IF(OR(E30="",F30=""),"",F30-E30)
A31: 30 | G31: =IF(OR(E31="",F31=""),"",F31-E31)
A32: 31 | G32: =IF(OR(E32="",F32=""),"",F32-E32)
A33: 32 | G33: =IF(OR(E33="",F33=""),"",F33-E33)
... A101: 100 | G101: =IF(OR(E101="",F101=""),"",F101-E101)

Sheet نتائج الحملة
A1: كود المحطة | B1: اسم المحطة | C1: المبيعات قبل الحملة | D1: مبيعات أسبوع 1 | E1: مبيعات أسبوع 2 | F1: مبيعات أسبوع 3 | G1: مبيعات بعد الحملة | H1: نسبة التغير | I1: كمية المناديل | J1: تكلفة الحملة | K1: نتيجة الحملة | L1: ملاحظات
A2: MK002 | B2: درب المعيصم | C2: 375727 | H2: =IF(OR(C2="",G2=""),"",IFERROR((G2-C2)/C2,0)) | I2: ='أساس التوزيع'!I13 | J2: ='أساس التوزيع'!L13 | K2: لم يتم القياس | L2: خط الأساس = لترات يوليو 2026 · الموازنة 1,568,154 لتر
A3: MK019 | B3: درب عرفات الشرايع | C3: 250930 | H3: =IF(OR(C3="",G3=""),"",IFERROR((G3-C3)/C3,0)) | I3: ='أساس التوزيع'!I14 | J3: ='أساس التوزيع'!L14 | K3: لم يتم القياس | L3: خط الأساس = لترات يوليو 2026 · الموازنة 875,943 لتر
A4: MK023 | B4: درب بن درويش | C4: 428657 | H4: =IF(OR(C4="",G4=""),"",IFERROR((G4-C4)/C4,0)) | I4: ='أساس التوزيع'!I15 | J4: ='أساس التوزيع'!L15 | K4: لم يتم القياس | L4: خط الأساس = لترات يوليو 2026 · الموازنة 502,777 لتر
A5: MK007 | B5: درب العمرة النورية | C5: 4111763 | H5: =IF(OR(C5="",G5=""),"",IFERROR((G5-C5)/C5,0)) | I5: ='أساس التوزيع'!I16 | J5: ='أساس التوزيع'!L16 | K5: لم يتم القياس | L5: خط الأساس = لترات يوليو 2026 · الموازنة 4,438,091 لتر
A6: MK017 | B6: درب عرفات الشوقية | C6: 744369 | H6: =IF(OR(C6="",G6=""),"",IFERROR((G6-C6)/C6,0)) | I6: ='أساس التوزيع'!I17 | J6: ='أساس التوزيع'!L17 | K6: لم يتم القياس | L6: خط الأساس = لترات يوليو 2026 · الموازنة 769,484 لتر
H7: =IF(OR(C7="",G7=""),"",IFERROR((G7-C7)/C7,0))
H8: =IF(OR(C8="",G8=""),"",IFERROR((G8-C8)/C8,0))
H9: =IF(OR(C9="",G9=""),"",IFERROR((G9-C9)/C9,0))
H10: =IF(OR(C10="",G10=""),"",IFERROR((G10-C10)/C10,0))
H11: =IF(OR(C11="",G11=""),"",IFERROR((G11-C11)/C11,0))
H12: =IF(OR(C12="",G12=""),"",IFERROR((G12-C12)/C12,0))
H13: =IF(OR(C13="",G13=""),"",IFERROR((G13-C13)/C13,0))
H14: =IF(OR(C14="",G14=""),"",IFERROR((G14-C14)/C14,0))
H15: =IF(OR(C15="",G15=""),"",IFERROR((G15-C15)/C15,0))
H16: =IF(OR(C16="",G16=""),"",IFERROR((G16-C16)/C16,0))
H17: =IF(OR(C17="",G17=""),"",IFERROR((G17-C17)/C17,0))
H18: =IF(OR(C18="",G18=""),"",IFERROR((G18-C18)/C18,0))
... H101: =IF(OR(C101="",G101=""),"",IFERROR((G101-C101)/C101,0))

Sheet القوائم
A1: القائمة | B1: القيمة
A2: الحالة | B2: لم تبدأ
A3: الحالة | B3: جاري
A4: الحالة | B4: مكتملة
A5: الحالة | B5: مؤجلة
A6: الحالة | B6: ملغاة
A7: الأولوية | B7: أولوية 1 - مرتفعة
A8: الأولوية | B8: أولوية 2 - متوسطة
A9: الأولوية | B9: أولوية 3 - منخفضة
A10: نتيجة الحملة | B10: تحسن واضح
A11: نتيجة الحملة | B11: تحسن بسيط
A12: نتيجة الحملة | B12: بدون تحسن
... A18: جهة التوزيع | B18: أخرى
