Workbook

Sheet تحليل كل شهر
A1: درب العمرة الجديدة (النوارية) MK007 — تحليل كل شهر، يناير → سبتمبر 2026
A2: المصادر: حركات نقاط البيع Fuel Station 360° (الإيراد واللترات والحركات)، ملف Darb_Target_2026 (المستهدف)، سجل خدمة العملاء يناير–أغسطس، ورقة الحملات 2026. الأعمدة المحسوبة بصيغ: إيراد/يوم، حركات/يوم، لترات/يوم، الفاتورة، لتر/حركة، الإنجاز، التغير.
A4: الشهر | B4: الحالة | C4: أيام مسجلة | D4: الإيراد (ر.س) | E4: اللترات | F4: الحركات | G4: إيراد/يوم (ر.س) | H4: حركات/يوم | I4: لترات/يوم | J4: متوسط الفاتورة (ر.س) | K4: لتر/حركة | L4: بنزين 91 ٪ | M4: بنزين 95 ٪ | N4: ديزل ٪ | O4: كاش ٪ | P4: بطاقة ٪ | Q4: ساعة الذروة | R4: أفضل يوم | S4: أدنى يوم | T4: المستهدف (لتر) | U4: الإنجاز ٪ | V4: التغير عن الشهر السابق ٪ | W4: سجلات خدمة العملاء | X4: التحليل الموسمي | Y4: الحملات والفعاليات | Z4: تأثير شكاوى العملاء | AA4: الإجراء المقترح | AB4: الأسباب المعلّمة
A5: يناير | B5: جيد | C5: 31 | D5: 8881211.5 | E5: 4250477 | F5: 133979 | G5: =D5/C5 -> 286490.69 | H5: =F5/C5 -> 4321.9032 | I5: =E5/C5 -> 137112.16 | J5: =D5/F5 -> 66.288086 | K5: =E5/F5 -> 31.724949 | L5: 0.341 | M5: 0.337 | N5: 0.322 | O5: 0.593 | P5: 0.388 | Q5: 5م | R5: 2026-01-27 · 337,180 ر.س | S5: 2026-01-02 · 249,142 ر.س | T5: 3720000 | U5: =E5/T5 -> 1.1426013 | V5: — | W5: 28 | X5: بداية السنة بمستوى قوي: المحطة على طريق المدينة المنورة (النوارية) تخدم المعتمرين والمسافرين، مع موسم عمرة شتوي مستمر ودخول شهر رجب (من نحو 20 يناير) الذي يرتفع فيه إقبال المعتمرين. حصة الديزل 32٪ تعكس حركة شاحنات وإنشاءات نشطة حول مكة. أفضل يوم 27 يناير (337 ألف) وأدنى يوم 2 يناير (249 ألف، جمعة). | Y5: لا حملات تسويقية مسجلة للمحطة في يناير. | Z5: ذروة الشكاوى في السنة: 28 سجلًا. الأنماط: بطء الخدمة وقت تبديل الورديات (12 ليلًا و12 ظهرًا)، سلوك العمال، سحب مبلغ زائد (2 حالة)، رفض التعبئة عبر تطبيق سيارة، وطلبات تأجير (مغسلة، بنشر، مطاعم). تعليقات «المحطة جديدة» تشير إلى فريق تشغيل لم يستقر بعد. | AA5: تثبيت إجراء تبديل الوردية دون إيقاف المسارات، ومنع الجوال، وتدريب العمال الجدد على سؤال العميل عن المبلغ ونوع الوقود قبل التعبئة. | AB5: موسم العمرة · الموقع على طريق رئيسي — حركة عابرة · ارتفاع الحركة المرورية · حركة شاحنات وديزل · بطء الخدمة وطول الانتظار · تغيّر فريق التشغيل
A6: فبراير | B6: جيد | C6: 28 | D6: 8680077.8 | E6: 4167797.7 | F6: 129709 | G6: =D6/C6 -> 310002.78 | H6: =F6/C6 -> 4632.4643 | I6: =E6/C6 -> 148849.92 | J6: =D6/F6 -> 66.919626 | K6: =E6/F6 -> 32.131908 | L6: 0.335 | M6: 0.329 | N6: 0.336 | O6: 0.565 | P6: 0.394 | Q6: 5م | R6: 2026-02-26 · 378,337 ر.س | S6: 2026-02-04 · 241,410 ر.س | T6: 3906000 | U6: =E6/T6 -> 1.0670245 | V6: =G6/G5-1 -> 0.082069285 | W6: 13 | X6: أقصر شهر لكن متوسط اليوم ارتفع 8٪. السبب الرئيسي دخول رمضان 1447 في 18 فبراير: متوسط الأيام قبل رمضان (1–17 فبراير) 302 ألف ر.س/يوم مقابل 331 ألف في أيام رمضان، وأعلى يوم 26 فبراير (378 ألف، خميس). زيادة المعتمرين ترفع حركة طريق المدينة والمساء. الديزل 34٪ ما زال قويًا (إنشاءات ما قبل الموسم). | Y6: لا حملات مسجلة للمحطة. ملاحظة تشغيلية: 15 فبراير توقف بعض المضخات لصيانة دورية (شكوى موثقة). | Z6: 13 سجلًا: سلوك العمال وبطء الخدمة (20 دقيقة انتظار دون زحام في 3 فبراير)، إجبار عميل على مبلغ أكبر، وعدم معرفة العمال بالتعبئة عبر تطبيق سيارة. تأثيرها على الإيراد محدود لأن الطلب الموسمي يغطيها، لكنها تتراكم على سمعة جوجل. | AA6: تجهيز خطة رمضان مبكرًا: تعزيز الوردية المسائية والليلية، وتخصيص عامل لتطبيقات التعبئة في كل وردية. | AB6: بداية رمضان (18 فبراير) · موسم العمرة · الموقع على طريق رئيسي — حركة عابرة · صيانة مضخات أو توقف جزئي · ملاحظات تشغيلية أثّرت على رضا العملاء
A7: مارس | B7: ممتاز | C7: 31 | D7: 10212808 | E7: 4912347 | F7: 146745 | G7: =D7/C7 -> 329445.41 | H7: =F7/C7 -> 4733.7097 | I7: =E7/C7 -> 158462.81 | J7: =D7/F7 -> 69.59561 | K7: =E7/F7 -> 33.475396 | L7: 0.334 | M7: 0.323 | N7: 0.342 | O7: 0.585 | P7: 0.371 | Q7: 9م | R7: 2026-03-19 · 400,665 ر.س | S7: 2026-03-31 · 270,054 ر.س | T7: 4101300 | U7: =E7/T7 -> 1.1977536 | V7: =G7/G6-1 -> 0.062717602 | W7: 12 | X7: أفضل شهر في السنة (329 ألف ر.س/يوم، 120٪ من المستهدف). رمضان كامل حتى 19 مارس ثم عيد الفطر (20 مارس): أعلى يوم 19 مارس (401 ألف) ثم 20 مارس (391 ألف)، وكل الأيام من 16 إلى 23 مارس فوق 320 ألف. ساعة الذروة انتقلت من 5 عصرًا إلى 9 مساءً (نمط ما بعد الإفطار والتراويح). متوسط الفاتورة 70 ر.س والتعبئة 33.5 لتر هما الأعلى في السنة (سيارات زوار تملأ الخزان). بعد العيد (24–31 مارس) تراجع المتوسط إلى 302 ألف وأدنى يوم 31 مارس (270 ألف). | Y7: حملة اليوم العالمي للمرأة 3–8 مارس: خصم 50٪ على مشروبات مختارة من الشريك «بويا» مقابل بنزين بأي قيمة، في درب النوارية (MK007) ودرب الشوقية. مؤشرات ورقة الحملات: 18,000 و1,000. أثرها على الوقود غير ملموس: متوسط أيام الحملة 331 ألف/يوم مقابل 331 ألف في الأسبوع التالي، أي أن الرفع الحقيقي للشهر موسمي (رمضان) والحملة لعبت دور تنشيط للشريك والعلامة. | Z7: 12 سجلًا: بطء الخدمة في الذروة (شكاوى 1 و9 و11 مارس)، توقف مؤقت لتبديل الوردية (25 مارس)، شكوى ديزل «فيه ماء» أُغلقت لعدم وجود إثبات، وعامل يطلب تقييمًا من العملاء. لا أثر مؤثر على المبيعات لكن ذروة الزحام كشفت ضعف تنظيم المسارات. | AA7: اعتماد مارس مرجعًا للطاقة القصوى: 5,400 حركة/يوم تحتاج تنظيم مرور ومُوجّه مسارات في المساء؛ إعادة الحملات الشريكية في مواسم الضعف لا في مواسم الذروة. | AB7: رمضان · عيد الفطر (20 مارس) · موسم العمرة · ارتفاع الحركة المرورية · حملة تسويقية (اليوم العالمي للمرأة 3–8) · ذروة مسائية 9م
A8: أبريل | B8: متراجع | C8: 30 | D8: 7752203.4 | E8: 3602221.5 | F8: 125321 | G8: =D8/C8 -> 258406.78 | H8: =F8/C8 -> 4177.3667 | I8: =E8/C8 -> 120074.05 | J8: =D8/F8 -> 61.858774 | K8: =E8/F8 -> 28.743958 | L8: 0.385 | M8: 0.411 | N8: 0.204 | O8: 0.436 | P8: 0.521 | Q8: 5م | R8: 2026-04-23 · 315,487 ر.س | S8: 2026-04-15 · 219,298 ر.س | T8: 4224339 | U8: =E8/T8 -> 0.85273022 | V8: =G8/G7-1 -> -0.21563096 | W8: 23 | X8: انخفاض 22٪ في متوسط اليوم (258 ألف) وإنجاز 85٪. السبب الموسمي: شهر شوال بعد انتهاء رمضان والعيد؛ رحيل المعتمرين وانخفاض الحركة على طريق المدينة. منتصف الشهر (10–22 أبريل) هو الأضعف بمتوسط 236 ألف وأدنى يوم 15 أبريل (219 ألف). تغيّر لافت في مزيج الوقود: حصة الديزل هبطت من 34٪ إلى 20٪ دفعة واحدة، ما يفسر جزءًا كبيرًا من الفجوة؛ الأسباب المرشحة: تراجع حركة الشاحنات والإنشاءات بعد رمضان، وبدء قيود دخول الشاحنات إلى مكة استعدادًا للحج. في الشهر نفسه تغيّر مزيج الدفع (البطاقة 52٪ تتجاوز الكاش، وظهور External Device وSyarah App) ما يشير إلى تغيير في نظام نقاط البيع يجب التحقق منه قبل مقارنة الأشهر. | Y8: لا حملات مسجلة للمحطة في أبريل. استفسار عميل (9 أبريل) عن توفر Petro App في النوارية يدل على طلب على تطبيقات التعبئة. | Z8: قفزة إلى 23 سجلًا (ثاني أعلى شهر) رغم انخفاض الحركة: بطء الخدمة وطول الانتظار (أكثر من 10 دقائق في الصف، 21 أبريل)، سلوك العمال (الجوال، النفخ على العميل)، تعبئة وقود خاطئ (3 حالات)، أعطال مضخات (8 أبريل)، ونظافة دورات المياه مع غياب عاملة النظافة «بسبب موسم الحج والتشديد على التصاريح». شكاوى كثيرة مع حركة أقل تعني أن الخدمة نفسها هي المشكلة لا الزحام، وهي عامل مرجح في فقدان عملاء الحي المتكررين لصالح الدريس وبترولي. | AA8: خطة استرداد: فحص سبب هبوط الديزل (مسارات الشاحنات، قيود الموسم)، إنذارات مكتوبة لتكرار سوء التعامل، ومتابعة ميدانية يومية للمسارات في الذروة. | AB8: انتهاء رمضان والعيد · انخفاض الحركة المرورية · انخفاض حصة الديزل · بطء الخدمة وطول الانتظار · تعامل العاملين · أخطاء تشغيلية · شكاوى العملاء · تغيّر نظام الدفع/نقاط البيع
A9: مايو | B9: متراجع | C9: 31 | D9: 6722955.1 | E9: 3127641.1 | F9: 107250 | G9: =D9/C9 -> 216869.52 | H9: =F9/C9 -> 3459.6774 | I9: =E9/C9 -> 100891.65 | J9: =D9/F9 -> 62.684896 | K9: =E9/F9 -> 29.162155 | L9: 0.382 | M9: 0.41 | N9: 0.209 | O9: 0.339 | P9: 0.574 | Q9: 5م | R9: 2026-05-30 · 413,722 ر.س | S9: 2026-05-26 · 150,028 ر.س | T9: 4351069 | U9: =E9/T9 -> 0.7188213 | V9: =G9/G8-1 -> -0.1607437 | W9: 9 | X9: أضعف شهر في السنة: 217 ألف ر.س/يوم، 3,460 حركة/يوم، إنجاز 72٪. موسم الحج 1447 (ذو الحجة يبدأ نحو 18 مايو، عرفة 26 مايو، عيد الأضحى 27 مايو): توقف تأشيرات العمرة قبل الحج، وقيود دخول مكة لغير المصرح لهم، وتقييد الشاحنات. أدنى يوم في السنة هو يوم عرفة 26 مايو (150 ألف) حيث يبقى السكان في منازلهم وتُغلق المحاور، ثم أعلى يوم في السنة 30 مايو (414 ألف، 13 ذو الحجة) مع مغادرة الحجاج وعودة حركة السكان دفعة واحدة. متوسط أيام الحج (17–29 مايو) 207 ألف مقابل 354 ألف في 30–31 مايو. البطاقة بلغت 57٪ وهي الأعلى (عملاء زوار). | Y9: حملة اليوم العالمي للشاي 5–21 مايو: كوب شاي مجانًا من «المذاق المغربي» مقابل بنزين بأي قيمة، في النوارية والعوالي والكر النازل وكورنيش جازان. مؤشرات الورقة: 12,216 و190+ عميل مباشر. متوسط أيام الحملة في المحطة 204 ألف/يوم مقابل 219 ألف في 1–4 مايو؛ لم تعوّض الانخفاض الموسمي، وهو متوقع لأن العائق كان دخول الزوار لا الحافز. | Z9: 9 سجلات فقط (الأقل): سلوك العمال وبطء الخدمة على خرائط جوجل (3 و17 و19 مايو)، تعبئة خاطئة (5 مايو)، ومضخة «خربانة» بعد التعبئة (3 مايو). انخفاض العدد يوازي انخفاض الحركة لا تحسّن الخدمة. | AA9: احتساب موازنة مايو على أساس موسم الحج (72٪ ليس انحرافًا تشغيليًا)، واستغلال الأسبوع الأخير بعد الحج بعروض عودة السكان. | AB9: ذروة موسم الحج · قيود دخول مكة والشاحنات · توقف تأشيرات العمرة · انخفاض الحركة المرورية · حملة تسويقية (اليوم العالمي للشاي 5–21) · جودة الخدمة
A10: يونيو | B10: متراجع نسبيًا | C10: 30 | D10: 7341314.7 | E10: 3432743.2 | F10: 123643 | G10: =D10/C10 -> 244710.49 | H10: =F10/C10 -> 4121.4333 | I10: =E10/C10 -> 114424.77 | J10: =D10/F10 -> 59.375094 | K10: =E10/F10 -> 27.763345 | L10: 0.384 | M10: 0.389 | N10: 0.227 | O10: 0.436 | P10: 0.488 | Q10: 5م | R10: 2026-06-28 · 305,338 ر.س | S10: 2026-06-19 · 209,891 ر.س | T10: 4351069 | U10: =E10/T10 -> 0.7889425 | V10: =G10/G9-1 -> 0.1283766 | W10: 11 | X10: تعافٍ جزئي (+13٪ عن مايو) لكنه ما زال دون المستهدف (79٪). الأسبوع الأول بعد الحج 257 ألف/يوم، ثم ركود 8–27 يونيو بمتوسط 236 ألف (أدنى يوم 19 يونيو، جمعة، 210 ألف) بسبب حرارة الصيف، ونهاية العام الدراسي وسفر الأسر، وعدم عودة العمرة بكامل زخمها بعد (بداية محرم 1448 نحو 16 يونيو). متوسط الفاتورة 59 ر.س والتعبئة 27.8 لتر هما الأدنى في السنة (تعبئات صغيرة لسكان الحي). أواخر الشهر (28–30 يونيو) عاد المتوسط إلى 272 ألف مع بداية إجازة الصيف. | Y10: بدء حملة «كفرات بلس» على مستوى الشبكة أواخر يونيو؛ شكوى 30 يونيو تفيد أن عامل النوارية «ما عنده عرض» عند طلب الخصم، أي أن الحملة أُطلقت دون تهيئة العمال. | Z10: 11 سجلًا: نظافة دورات المياه (3 حالات في أسبوع واحد)، أقفال مكسورة، سلوك العمال (22 يونيو، 8–9 يونيو)، انتظار تبديل الوردية (14 يونيو)، وتنبيه عن محتالين بسيارة إماراتية يستغلون العملاء عند المسجد. التأثير: ملاحظات المرافق تضر بصورة «أكبر محطة في مكة» لدى عملاء الحي. | AA10: صيانة دورية للمرافق قبل موسم الصيف، وربط كل عرض شبكي بمادة تدريب للعمال وباركود احتياطي يُرسل للعميل. | AB10: ما بعد الحج · حرارة الصيف · موسم إجازات أو نهاية مدارس · انخفاض متوسط الفاتورة · نظافة المرافق · حملة تسويقية (كفرات بلس) دون تهيئة العمال
A11: يوليو | B11: جيد | C11: 31 | D11: 8673109.5 | E11: 4111752.9 | F11: 136582 | G11: =D11/C11 -> 279777.72 | H11: =F11/C11 -> 4405.871 | I11: =E11/C11 -> 132637.19 | J11: =D11/F11 -> 63.501116 | K11: =E11/F11 -> 30.104647 | L11: 0.362 | M11: 0.355 | N11: 0.282 | O11: 0.455 | P11: 0.475 | Q11: 5م | R11: 2026-07-30 · 324,487 ر.س | S11: 2026-07-03 · 240,335 ر.س | T11: 4438091 | U11: =E11/T11 -> 0.92646882 | V11: =G11/G10-1 -> 0.1433009 | W11: 19 | X11: عودة قوية (+14٪، 280 ألف/يوم، 93٪). صيف مكة: عودة العمرة بعد الحج مع تأشيرات محرم وصفر، سفر العائلات في إجازة الصيف عبر طريق المدينة، وعودة الشاحنات بعد رفع قيود الموسم (الديزل عاد إلى 28٪). النصف الثاني من الشهر أقوى (282 ألف) من الأول (277 ألف). أعلى يوم 30 يوليو (324 ألف، خميس) وأدنى 3 يوليو (240 ألف، جمعة). | Y11: استمرار حملة «كفرات بلس» وكوبونات خصم تصل إلى 150 ر.س على مستوى الشبكة؛ شكوى 2 يوليو: العامل «ما في كوبون». الحملة أسهمت في الوعي لكن تنفيذها في المحطة كان ناقصًا. | Z11: 19 سجلًا (ثاني ذروة): سلوك عمال الوردية الليلية (تقييمات 16 يوليو على جوجل وتوجيه رسمي بمساءلتهم)، بطء الخدمة، رفض تعبئة (20 يوليو)، جهاز الهواء لا يعمل (27 يوليو)، تهوية دورات المياه، وفجوة وعي بالعروض. الأثر: تهديد التقييم 4.8★ أكثر من الإيراد الذي يحميه الموسم. | AA11: تدقيق ميداني ليلي أسبوعي، ولوحة عروض مطبوعة عند كل مضخة حتى لا يعتمد العميل على معرفة العامل. | AB11: موسم العمرة الصيفي · موسم إجازات (سفر الصيف) · عودة حركة الشاحنات والديزل · حملة تسويقية (كفرات بلس + كوبونات) · تعامل العاملين (الوردية الليلية) · ملاحظات تشغيلية أثّرت على رضا العملاء
A12: أغسطس | B12: جيد | C12: 31 | D12: 8955664.8 | E12: 4254521.8 | F12: 139151 | G12: =D12/C12 -> 288892.41 | H12: =F12/C12 -> 4488.7419 | I12: =E12/C12 -> 137242.64 | J12: =D12/F12 -> 64.359328 | K12: =E12/F12 -> 30.574856 | L12: 0.353 | M12: 0.355 | N12: 0.292 | O12: 0.452 | P12: 0.456 | Q12: 5م | R12: 2026-08-27 · 350,734 ر.س | S12: 2026-08-05 · 249,968 ر.س | T12: 4504662 | U12: =E12/T12 -> 0.94447082 | V12: =G12/G11-1 -> 0.032578324 | W12: 2 | X12: استقرار على مستوى مرتفع (+3٪، 289 ألف/يوم، 94٪). ذروة سفر الصيف ثم العودة الموسمية وبدء العام الدراسي في الأسبوع الأخير من أغسطس، ما رفع حركة الصباح. أعلى يوم 27 أغسطس (351 ألف، خميس) وأدنى 5 أغسطس (250 ألف). الديزل 29٪ ونهاية الأسبوع (الخميس والجمعة) 1.07× أيام العمل. | Y12: حملة فطور محطة العمرة (النوارية) CMP-2026-01 مع الشريكين «بف» (19–31 أغسطس) و«انسول» (20–31 أغسطس) — انتهت. قياس الأثر من بيانات الساعة: حركات الصباح (6–11ص) ارتفعت من 893/يوم قبل الحملة (1–18 أغسطس) إلى 1,007/يوم خلالها (+13٪)، واستمرت عند 1,116/يوم في النصف الأول من سبتمبر مع عودة المدارس. إجمالي اليوم ارتفع من 287 ألف إلى 291 ألف ر.س (+1٪) والحركات من 4,435 إلى 4,563 (+3٪). أثر ملموس في الفترة المستهدفة (الصباح) دون قفزة في الإيراد الإجمالي. | Z12: سجلان فقط حتى 2 أغسطس (بيانات خدمة العملاء غير مكتملة للشهر): استفسار عن مبلغ مسحوب زائد واستفسار عن ديزل بالجركل. | AA12: تكرار حملات الصباح في بداية كل فصل دراسي، واستكمال سجل خدمة العملاء لأغسطس وسبتمبر. | AB12: ذروة سفر الصيف ثم العودة · عودة المدارس (أواخر أغسطس) · حملة تسويقية (فطور 19–31 أغسطس) · ارتفاع حركة الصباح · حركة شاحنات وديزل
A13: سبتمبر | B13: جيد | C13: 30 | D13: 9026141.2 | E13: 4272089.3 | F13: 144656 | G13: =D13/C13 -> 300871.37 | H13: =F13/C13 -> 4821.8667 | I13: =E13/C13 -> 142402.98 | J13: =D13/F13 -> 62.397282 | K13: =E13/F13 -> 29.532749 | L13: 0.357 | M13: 0.366 | N13: 0.277 | O13: 0.453 | P13: 0.474 | Q13: 5م | R13: 2026-09-03 · 351,414 ر.س | S13: 2026-09-08 · 237,452 ر.س | T13: 4572232 | U13: =E13/T13 -> 0.93435533 | V13: =G13/G12-1 -> 0.041465121 | W13: غير متاح | X13: أعلى عدد حركات يومية في السنة (4,822/يوم) و301 ألف ر.س/يوم (+4٪، 93٪ من المستهدف): عودة كاملة للمدارس والعمل بعد الصيف، وعمرة ربيع الأول، وحركة تعليم/أعمال صباحية. متوسط الفاتورة 62 ر.س (تعبئات يومية صغيرة لسكان الحي). أعلى يوم 3 سبتمبر (351 ألف) وأدنى 8 سبتمبر (237 ألف، ثلاثاء). | Y13: اليوم الوطني السعودي الأربعاء 23 سبتمبر: إيراد اليوم 310,882 ر.س مقابل متوسط 281 ألف لأيام الأربعاء الأخرى في سبتمبر (+10٪). نمط الساعات تغيّر بوضوح: صباح إجازة ضعيف (6–9ص نحو 130 حركة/ساعة مقابل 220–280 في أربعاء عادي) وذروة مسائية احتفالية (5–9م بين 307 و339 حركة/ساعة مقابل 240–300). امتدت العطلة إلى الخميس 24 (334 ألف) وبلغت موجة العودة الأحد 27 سبتمبر (341 ألف). لا حملة خاصة بالمحطة مسجلة في اليوم الوطني، وهي فرصة فائتة لربط الذروة المسائية بالمتجر والشركاء. | Z13: لا سجلات خدمة عملاء متاحة لسبتمبر في المرجع (السجل حتى أغسطس). قائمة الدخل والتريلات لسبتمبر غير مزوّدة بعد. | AA13: تثبيت مستهدف أكتوبر على 4,800 حركة/يوم، وتجهيز عرض مسائي لليوم الوطني القادم وموسم ربيع. | AB13: عودة المدارس والعمل · اليوم الوطني (23 سبتمبر) · موسم العمرة (ربيع الأول) · ارتفاع الحركة المرورية · ذروة مسائية احتفالية
A14: الإجمالي / المتوسط | C14: =SUM(C5:C13) -> 273 | D14: =SUM(D5:D13) -> 76245486 | E14: =SUM(E5:E13) -> 36131592 | F14: =SUM(F5:F13) -> 1187036 | G14: =D14/C14 -> 279287.49 | H14: =F14/C14 -> 4348.1172 | I14: =E14/C14 -> 132350.15 | J14: =D14/F14 -> 64.231823 | K14: =E14/F14 -> 30.438497 | T14: =SUM(T5:T13) -> 38168762 | U14: =E14/T14 -> 0.94662729
A16: ملاحظات: الحالة والتحليل والأسباب من تحليل المبيعات والشكاوى (قابلة للتعديل). التواريخ الهجرية تقريبية: رمضان 18 فبراير → 19 مارس، عيد الفطر 20 مارس، عرفة 26 مايو، عيد الأضحى 27 مايو. اليوم الوطني 23 سبتمبر. من أبريل تغيّر مزيج الدفع وحصة الديزل فجأة (يُتحقق من نظام نقاط البيع). سجل خدمة العملاء حتى 2 أغسطس. أرقام الحملات منقولة من ورقة الحملات كما وردت.

Sheet سبب كل شهر
A1: MK007 درب العمرة الجديدة — سبب كل شهر (يُقرأ بجانب نسبة الإنجاز)
A2: ملخص موجز لكل شهر: الحالة، التحليل الموسمي، الحملات والفعاليات، تأثير الشكاوى، الأسباب المعلّمة في بطاقة الشهر
A4: الشهر | B4: الحالة | C4: إيراد/يوم (ر.س) | D4: الإنجاز ٪ | E4: التحليل الموسمي | F4: الحملات والفعاليات | G4: تأثير الشكاوى | H4: الأسباب المعلّمة في بطاقة الشهر
A5: يناير | B5: ➖ جيد | C5: ='تحليل كل شهر'!G5 -> 286490.69 | D5: ='تحليل كل شهر'!U5 -> 1.1426013 | E5: بداية السنة بمستوى قوي: المحطة على طريق المدينة المنورة (النوارية) تخدم المعتمرين والمسافرين، مع موسم عمرة شتوي مستمر ودخول شهر رجب (من نحو 20 يناير) الذي يرتفع فيه إقبال المعتمرين. حصة الديزل 32٪ تعكس حركة شاحنات وإنشاءات نشطة حول مكة. | F5: لا حملات تسويقية مسجلة للمحطة في يناير. | G5: ذروة الشكاوى في السنة: 28 سجلًا. الأنماط: بطء الخدمة وقت تبديل الورديات (12 ليلًا و12 ظهرًا)، سلوك العمال، سحب مبلغ زائد (2 حالة)، رفض التعبئة عبر تطبيق سيارة، وطلبات تأجير (مغسلة، بنشر، مطاعم). | H5: موسم العمرة · الموقع على طريق رئيسي — حركة عابرة · ارتفاع الحركة المرورية · حركة شاحنات وديزل · بطء الخدمة وطول الانتظار · تغيّر فريق التشغيل
A6: فبراير | B6: 📈 ارتفاع | C6: ='تحليل كل شهر'!G6 -> 310002.78 | D6: ='تحليل كل شهر'!U6 -> 1.0670245 | E6: أقصر شهر لكن متوسط اليوم ارتفع 8٪. السبب الرئيسي دخول رمضان 1447 في 18 فبراير: متوسط الأيام قبل رمضان (1–17 فبراير) 302 ألف ر.س/يوم مقابل 331 ألف في أيام رمضان، وأعلى يوم 26 فبراير (378 ألف، خميس). | F6: لا حملات مسجلة للمحطة. ملاحظة تشغيلية: 15 فبراير توقف بعض المضخات لصيانة دورية (شكوى موثقة). | G6: 13 سجلًا: سلوك العمال وبطء الخدمة (20 دقيقة انتظار دون زحام في 3 فبراير)، إجبار عميل على مبلغ أكبر، وعدم معرفة العمال بالتعبئة عبر تطبيق سيارة. تأثيرها على الإيراد محدود لأن الطلب الموسمي يغطيها، لكنها تتراكم على سمعة جوجل. | H6: بداية رمضان (18 فبراير) · موسم العمرة · الموقع على طريق رئيسي — حركة عابرة · صيانة مضخات أو توقف جزئي · ملاحظات تشغيلية أثّرت على رضا العملاء
A7: مارس | B7: 📈 ارتفاع (ممتاز) | C7: ='تحليل كل شهر'!G7 -> 329445.41 | D7: ='تحليل كل شهر'!U7 -> 1.1977536 | E7: أفضل شهر في السنة (329 ألف ر.س/يوم، 120٪ من المستهدف). رمضان كامل حتى 19 مارس ثم عيد الفطر (20 مارس): أعلى يوم 19 مارس (401 ألف) ثم 20 مارس (391 ألف)، وكل الأيام من 16 إلى 23 مارس فوق 320 ألف. | F7: حملة اليوم العالمي للمرأة 3–8 مارس: خصم 50٪ على مشروبات مختارة من الشريك «بويا» مقابل بنزين بأي قيمة، في درب النوارية (MK007) ودرب الشوقية. مؤشرات ورقة الحملات: 18,000 و1,000. | G7: 12 سجلًا: بطء الخدمة في الذروة (شكاوى 1 و9 و11 مارس)، توقف مؤقت لتبديل الوردية (25 مارس)، شكوى ديزل «فيه ماء» أُغلقت لعدم وجود إثبات، وعامل يطلب تقييمًا من العملاء. لا أثر مؤثر على المبيعات لكن ذروة الزحام كشفت ضعف تنظيم المسارات. | H7: رمضان · عيد الفطر (20 مارس) · موسم العمرة · ارتفاع الحركة المرورية · حملة تسويقية (اليوم العالمي للمرأة 3–8) · ذروة مسائية 9م
A8: أبريل | B8: 📉 انخفاض | C8: ='تحليل كل شهر'!G8 -> 258406.78 | D8: ='تحليل كل شهر'!U8 -> 0.85273022 | E8: انخفاض 22٪ في متوسط اليوم (258 ألف) وإنجاز 85٪. السبب الموسمي: شهر شوال بعد انتهاء رمضان والعيد. | F8: لا حملات مسجلة للمحطة في أبريل. استفسار عميل (9 أبريل) عن توفر Petro App في النوارية يدل على طلب على تطبيقات التعبئة. | G8: قفزة إلى 23 سجلًا (ثاني أعلى شهر) رغم انخفاض الحركة: بطء الخدمة وطول الانتظار (أكثر من 10 دقائق في الصف، 21 أبريل)، سلوك العمال (الجوال، النفخ على العميل)، تعبئة وقود خاطئ (3 حالات)، أعطال مضخات (8 أبريل)، ونظافة دورات المياه مع غياب عاملة النظافة «بسبب موسم الحج والتشديد على التصاريح». شكاوى كثيرة مع حركة أقل تعني أن الخدمة نفسها هي المشكلة لا الزحام، وهي عامل مرجح في فقدان عملاء الحي المتكررين لصالح الدريس وبترولي. | H8: انتهاء رمضان والعيد · انخفاض الحركة المرورية · انخفاض حصة الديزل · بطء الخدمة وطول الانتظار · تعامل العاملين · أخطاء تشغيلية · شكاوى العملاء · تغيّر نظام الدفع/نقاط البيع
A9: مايو | B9: 📉 انخفاض | C9: ='تحليل كل شهر'!G9 -> 216869.52 | D9: ='تحليل كل شهر'!U9 -> 0.7188213 | E9: أضعف شهر في السنة: 217 ألف ر.س/يوم، 3,460 حركة/يوم، إنجاز 72٪. موسم الحج 1447 (ذو الحجة يبدأ نحو 18 مايو، عرفة 26 مايو، عيد الأضحى 27 مايو): توقف تأشيرات العمرة قبل الحج، وقيود دخول مكة لغير المصرح لهم، وتقييد الشاحنات. | F9: حملة اليوم العالمي للشاي 5–21 مايو: كوب شاي مجانًا من «المذاق المغربي» مقابل بنزين بأي قيمة، في النوارية والعوالي والكر النازل وكورنيش جازان. مؤشرات الورقة: 12,216 و190+ عميل مباشر. | G9: 9 سجلات فقط (الأقل): سلوك العمال وبطء الخدمة على خرائط جوجل (3 و17 و19 مايو)، تعبئة خاطئة (5 مايو)، ومضخة «خربانة» بعد التعبئة (3 مايو). انخفاض العدد يوازي انخفاض الحركة لا تحسّن الخدمة. | H9: ذروة موسم الحج · قيود دخول مكة والشاحنات · توقف تأشيرات العمرة · انخفاض الحركة المرورية · حملة تسويقية (اليوم العالمي للشاي 5–21) · جودة الخدمة
A10: يونيو | B10: 📉 انخفاض نسبي | C10: ='تحليل كل شهر'!G10 -> 244710.49 | D10: ='تحليل كل شهر'!U10 -> 0.7889425 | E10: تعافٍ جزئي (+13٪ عن مايو) لكنه ما زال دون المستهدف (79٪). الأسبوع الأول بعد الحج 257 ألف/يوم، ثم ركود 8–27 يونيو بمتوسط 236 ألف (أدنى يوم 19 يونيو، جمعة، 210 ألف) بسبب حرارة الصيف، ونهاية العام الدراسي وسفر الأسر، وعدم عودة العمرة بكامل زخمها بعد (بداية محرم 1448 نحو 16 يونيو). | F10: بدء حملة «كفرات بلس» على مستوى الشبكة أواخر يونيو. شكوى 30 يونيو تفيد أن عامل النوارية «ما عنده عرض» عند طلب الخصم، أي أن الحملة أُطلقت دون تهيئة العمال. | G10: 11 سجلًا: نظافة دورات المياه (3 حالات في أسبوع واحد)، أقفال مكسورة، سلوك العمال (22 يونيو، 8–9 يونيو)، انتظار تبديل الوردية (14 يونيو)، وتنبيه عن محتالين بسيارة إماراتية يستغلون العملاء عند المسجد. التأثير: ملاحظات المرافق تضر بصورة «أكبر محطة في مكة» لدى عملاء الحي. | H10: ما بعد الحج · حرارة الصيف · موسم إجازات أو نهاية مدارس · انخفاض متوسط الفاتورة · نظافة المرافق · حملة تسويقية (كفرات بلس) دون تهيئة العمال
A11: يوليو | B11: 📈 ارتفاع | C11: ='تحليل كل شهر'!G11 -> 279777.72 | D11: ='تحليل كل شهر'!U11 -> 0.92646882 | E11: عودة قوية (+14٪، 280 ألف/يوم، 93٪). صيف مكة: عودة العمرة بعد الحج مع تأشيرات محرم وصفر، سفر العائلات في إجازة الصيف عبر طريق المدينة، وعودة الشاحنات بعد رفع قيود الموسم (الديزل عاد إلى 28٪). | F11: استمرار حملة «كفرات بلس» وكوبونات خصم تصل إلى 150 ر.س على مستوى الشبكة. شكوى 2 يوليو: العامل «ما في كوبون». | G11: 19 سجلًا (ثاني ذروة): سلوك عمال الوردية الليلية (تقييمات 16 يوليو على جوجل وتوجيه رسمي بمساءلتهم)، بطء الخدمة، رفض تعبئة (20 يوليو)، جهاز الهواء لا يعمل (27 يوليو)، تهوية دورات المياه، وفجوة وعي بالعروض. الأثر: تهديد التقييم 4.8★ أكثر من الإيراد الذي يحميه الموسم. | H11: موسم العمرة الصيفي · موسم إجازات (سفر الصيف) · عودة حركة الشاحنات والديزل · حملة تسويقية (كفرات بلس + كوبونات) · تعامل العاملين (الوردية الليلية) · ملاحظات تشغيلية أثّرت على رضا العملاء
A12: أغسطس | B12: ➖ جيد | C12: ='تحليل كل شهر'!G12 -> 288892.41 | D12: ='تحليل كل شهر'!U12 -> 0.94447082 | E12: استقرار على مستوى مرتفع (+3٪، 289 ألف/يوم، 94٪). ذروة سفر الصيف ثم العودة الموسمية وبدء العام الدراسي في الأسبوع الأخير من أغسطس، ما رفع حركة الصباح. | F12: حملة فطور محطة العمرة (النوارية) CMP-2026-01 مع الشريكين «بف» (19–31 أغسطس) و«انسول» (20–31 أغسطس) — انتهت. قياس الأثر من بيانات الساعة: حركات الصباح (6–11ص) ارتفعت من 893/يوم قبل الحملة (1–18 أغسطس) إلى 1,007/يوم خلالها (+13٪)، واستمرت عند 1,116/يوم في النصف الأول من سبتمبر مع عودة المدارس. | G12: سجلان فقط حتى 2 أغسطس (بيانات خدمة العملاء غير مكتملة للشهر): استفسار عن مبلغ مسحوب زائد واستفسار عن ديزل بالجركل. | H12: ذروة سفر الصيف ثم العودة · عودة المدارس (أواخر أغسطس) · حملة تسويقية (فطور 19–31 أغسطس) · ارتفاع حركة الصباح · حركة شاحنات وديزل
A13: سبتمبر | B13: 📈 ارتفاع | C13: ='تحليل كل شهر'!G13 -> 300871.37 | D13: ='تحليل كل شهر'!U13 -> 0.93435533 | E13: أعلى عدد حركات يومية في السنة (4,822/يوم) و301 ألف ر.س/يوم (+4٪، 93٪ من المستهدف): عودة كاملة للمدارس والعمل بعد الصيف، وعمرة ربيع الأول، وحركة تعليم/أعمال صباحية. متوسط الفاتورة 62 ر.س (تعبئات يومية صغيرة لسكان الحي). | F13: اليوم الوطني السعودي الأربعاء 23 سبتمبر: إيراد اليوم 310,882 ر.س مقابل متوسط 281 ألف لأيام الأربعاء الأخرى في سبتمبر (+10٪). نمط الساعات تغيّر بوضوح: صباح إجازة ضعيف (6–9ص نحو 130 حركة/ساعة مقابل 220–280 في أربعاء عادي) وذروة مسائية احتفالية (5–9م بين 307 و339 حركة/ساعة مقابل 240–300). | G13: لا سجلات خدمة عملاء متاحة لسبتمبر في المرجع (السجل حتى أغسطس). قائمة الدخل والتريلات لسبتمبر غير مزوّدة بعد. | H13: عودة المدارس والعمل · اليوم الوطني (23 سبتمبر) · موسم العمرة (ربيع الأول) · ارتفاع الحركة المرورية · ذروة مسائية احتفالية

Sheet الحملات والفعاليات
A1: الحملات والفعاليات المؤثرة على MK007 — يناير → سبتمبر 2026
A2: من ورقة الحملات 2026 وسجل خدمة العملاء · الأثر محسوب من بيانات اليوم والساعة في ملف المبيعات
A4: الشهر | B4: الفترة | C4: الحملة / الفعالية | D4: الآلية | E4: المواقع | F4: مؤشرات ورقة الحملات | G4: الأثر المقاس على MK007
A5: مارس | B5: 3–8 مارس | C5: اليوم العالمي للمرأة | D5: خصم 50٪ على مشروبات مختارة من الشريك «بويا» مقابل بنزين بأي قيمة | E5: درب النوارية (MK007)، درب الشوقية | F5: 18,000 · 1,000 | G5: متوسط أيام الحملة 331 ألف ر.س/يوم = الأسبوع التالي 331 ألف؛ الرفع موسمي (رمضان) لا من الحملة
A6: مايو | B6: 5–21 مايو | C6: اليوم العالمي للشاي | D6: كوب شاي مجانًا من «المذاق المغربي» مقابل بنزين بأي قيمة | E6: النوارية، العوالي، الكر النازل، كورنيش جازان | F6: 12,216 · 190+ عميل مباشر | G6: 204 ألف/يوم خلال الحملة مقابل 219 ألف قبلها؛ لم تعوّض قيود موسم الحج
A7: يونيو–يوليو | B7: أواخر يونيو → يوليو | C7: كفرات بلس + كوبونات خصم حتى 150 ر.س (شبكية) | D7: عرض شبكي | E7: جميع المحطات | F7: — | G7: شكويان (30 يونيو، 2 يوليو): العامل لا يعرف العرض؛ وعي عالٍ وتنفيذ ناقص
A8: أغسطس | B8: 19–31 أغسطس | C8: حملة فطور محطة العمرة (النوارية) CMP-2026-01 | D8: شراكة فطور مع «بف» (من 19) و«انسول» (من 20) — انتهت | E8: درب العمرة النورية MK007 | F8: — | G8: حركات الصباح 6–11ص من 893 إلى 1,007/يوم (+13٪) ثم 1,116 في سبتمبر؛ إجمالي اليوم +1٪ إيرادًا و+3٪ حركات
A9: سبتمبر | B9: 23 سبتمبر | C9: اليوم الوطني السعودي | D9: إجازة الأربعاء وعطلة ممتدة · لا حملة خاصة بالمحطة | E9: — | F9: — | G9: 310,882 ر.س (+10٪ عن متوسط الأربعاء) بصباح ضعيف وذروة مسائية 5–9م؛ موجة عودة الأحد 27 (341 ألف)
