Workbook

Sheet المحطات
A1: كود المحطة | B1: اسم المحطة | C1: المنطقة | D1: أشهر البيانات | E1: متوسط الزيارات اليومية | F1: حصة 91 (إيراد) | G1: حصة 95 (إيراد) | H1: حصة الديزل (إيراد) | I1: حصة لترات الديزل | J1: سيارات صغيرة / يوم | K1: سيارات كبيرة / يوم | L1: نسبة الكبيرة | M1: سيارات صغيرة / شهر | N1: سيارات كبيرة / شهر | O1: خدمات السيارات | P1: المطاعم | Q1: المقاهي | R1: الماركت | S1: أخرى | T1: عدد الشركاء
A2: MK007 | B2: العمرة الجديدة | C2: مكة | D2: 9 | E2: 4348.2 | F2: 0.357 | G2: 0.36 | H2: 0.282 | I2: =IFERROR((H2/الافتراضات!$B$5)/(F2/الافتراضات!$B$3+G2/الافتراضات!$B$4+H2/الافتراضات!$B$5),0) -> 0.34800863 | J2: =E2-K2 -> 3691.4194 | K2: =E2*I2/(I2+الافتراضات!$B$6*(1-I2)) -> 656.78059 | L2: =IFERROR(K2/E2,0) -> 0.15104655 | M2: =J2*الافتراضات!$B$7 -> 110742.58 | N2: =K2*الافتراضات!$B$7 -> 19703.418 | O2: درب الصيانة، كار شيلد، هانكوك، واش واي، برنت، العكبري، البركة، قطب، كار ليزر، كار هب برو | P2: صامولجي، ترويقة زمان، بيتزا ريتا، ماكدونالدز، قيس ايسكريم، باباسنفور، بف، اندو محموس، مدور، ضيافة البركة، عريكة عم قاسم، شاورمر، ايتر، مكبب، لمة برجر، قادري، كافتيرجي، هنش برجر، ركن مندي حضرموت، ورق عنب سوما، ناصية حلم، ركن الجمبري، رو، انسول | Q2: رو، المذاق المغربي، جوينت، ريشو، بوبا بيرلز، انسول، تشاميقوس، كوف، بون، اودز، يو كوفي، ٣٦٠ كافي، سكيليتون، ستار جوس | R2: بنده | S2: — | T2: 49
A3: MK003 | B3: العوالي | C3: مكة | D3: 9 | E3: 3524.3 | F3: 0.507 | G3: 0.492 | H3: 0 | I3: =IFERROR((H3/الافتراضات!$B$5)/(F3/الافتراضات!$B$3+G3/الافتراضات!$B$4+H3/الافتراضات!$B$5),0) -> 0 | J3: =E3-K3 -> 3524.3 | K3: =E3*I3/(I3+الافتراضات!$B$6*(1-I3)) -> 0 | L3: =IFERROR(K3/E3,0) -> 0 | M3: =J3*الافتراضات!$B$7 -> 105729 | N3: =K3*الافتراضات!$B$7 -> 0 | O3: بترومين، مغسلة صقر | P3: باباسنفور، بف، طعمية السلطان، الطازج، كازاباستا، برقر كينق، شاورمر، بوقا، لمة، حاشي باشا، مندي الدعدي، فطيرة و شاي T80، باسكن، دومينوز، فروتي الرضاء، فاير جريل، شاورما وصوص، شيفز، محطة العصائر، مذاق المنئوشة | Q3: تيم هورتنز، قهوة الامراء، يو كوفي، براتو، بارنز، المذاق المغربي، بون، قهوة هيام، زيكا، بنز كوكيز، قيس ايسكريم | R3: تموينات السلطان، لوازم الرحلات | S3: Redbox | T3: 36
A4: MK004 | B4: عاصفة الصحراء | C4: الطائف | D4: 6 | E4: 2228.9 | F4: 0.342 | G4: 0.31 | H4: 0.348 | I4: =IFERROR((H4/الافتراضات!$B$5)/(F4/الافتراضات!$B$3+G4/الافتراضات!$B$4+H4/الافتراضات!$B$5),0) -> 0.41964094 | J4: =E4-K4 -> 1796.0172 | K4: =E4*I4/(I4+الافتراضات!$B$6*(1-I4)) -> 432.88279 | L4: =IFERROR(K4/E4,0) -> 0.19421364 | M4: =J4*الافتراضات!$B$7 -> 53880.516 | N4: =K4*الافتراضات!$B$7 -> 12986.484 | O4: مغسلة From، بنشر اكس ماكس | P4: كرك شباتي، كنتاكي، ماكدونالدز | Q4: بون، يو كوفي، كرسبي كريم، بارنز، تيم هورتنز، دانكن | R4: أسواق الحليس | S4: — | T4: 12
A5: MK289 | B5: طريق الليث - الفضيلة | C5: جدة | D5: 9 | E5: 1961 | F5: 0.214 | G5: 0.124 | H5: 0.663 | I5: =IFERROR((H5/الافتراضات!$B$5)/(F5/الافتراضات!$B$3+G5/الافتراضات!$B$4+H5/الافتراضات!$B$5),0) -> 0.72514692 | J5: =E5-K5 -> 1043.3982 | K5: =E5*I5/(I5+الافتراضات!$B$6*(1-I5)) -> 917.60177 | L5: =IFERROR(K5/E5,0) -> 0.46792543 | M5: =J5*الافتراضات!$B$7 -> 31301.947 | N5: =K5*الافتراضات!$B$7 -> 27528.053 | O5: — | P5: — | Q5: — | R5: — | S5: — | T5: 0
A6: MK046 | B6: الحليس - طريق الجنوب | C6: الطائف | D6: 5 | E6: 1860.7 | F6: 0.393 | G6: 0.333 | H6: 0.275 | I6: =IFERROR((H6/الافتراضات!$B$5)/(F6/الافتراضات!$B$3+G6/الافتراضات!$B$4+H6/الافتراضات!$B$5),0) -> 0.33887799 | J6: =E6-K6 -> 1589.1737 | K6: =E6*I6/(I6+الافتراضات!$B$6*(1-I6)) -> 271.52627 | L6: =IFERROR(K6/E6,0) -> 0.14592695 | M6: =J6*الافتراضات!$B$7 -> 47675.212 | N6: =K6*الافتراضات!$B$7 -> 8145.7882 | O6: بنشر الشموخ، مغاسل | P6: مملوح وسمسم | Q6: كرز البن، Pulse، ديوانية ذوق الشيوخ | R6: — | S6: — | T6: 6
A7: MK072 | B7: العزيزية | C7: مكة | D7: 9 | E7: 2484.5 | F7: 0.642 | G7: 0.231 | H7: 0.127 | I7: =IFERROR((H7/الافتراضات!$B$5)/(F7/الافتراضات!$B$3+G7/الافتراضات!$B$4+H7/الافتراضات!$B$5),0) -> 0.16272924 | J7: =E7-K7 -> 2333.3336 | K7: =E7*I7/(I7+الافتراضات!$B$6*(1-I7)) -> 151.16639 | L7: =IFERROR(K7/E7,0) -> 0.060843789 | M7: =J7*الافتراضات!$B$7 -> 70000.008 | N7: =K7*الافتراضات!$B$7 -> 4534.9918 | O7: مغسلة سيارات ازدان، حلول كار | P7: — | Q7: عنوان القهوة | R7: راشن زون ماركت | S7: — | T7: 4
A8: MK005 | B8: الشيباني | C8: الطائف | D8: 6 | E8: 1735.1 | F8: 0.52 | G8: 0.477 | H8: 0.003 | I8: =IFERROR((H8/الافتراضات!$B$5)/(F8/الافتراضات!$B$3+G8/الافتراضات!$B$4+H8/الافتراضات!$B$5),0) -> 0.0040606377 | J8: =E8-K8 -> 1732.7451 | K8: =E8*I8/(I8+الافتراضات!$B$6*(1-I8)) -> 2.3549125 | L8: =IFERROR(K8/E8,0) -> 0.00135722 | M8: =J8*الافتراضات!$B$7 -> 51982.353 | N8: =K8*الافتراضات!$B$7 -> 70.647374 | O8: الشموخ خدمات سيارات | P8: كرك شباتي، كافتيريا باجيت، ماكدونالدز | Q8: بارنز، مزاج مغربي، ايت اوز كوفي، تيم هورتنز، دانكن، كرسبي كريم، بون، يو كوفي | R8: أسواق الحليس | S8: — | T8: 13
A9: MK028 | B9: أحلى مساء | C9: الطائف | D9: 9 | E9: 1506.1 | F9: 0.465 | G9: 0.453 | H9: 0.082 | I9: =IFERROR((H9/الافتراضات!$B$5)/(F9/الافتراضات!$B$3+G9/الافتراضات!$B$4+H9/الافتراضات!$B$5),0) -> 0.10806241 | J9: =E9-K9 -> 1447.6373 | K9: =E9*I9/(I9+الافتراضات!$B$6*(1-I9)) -> 58.462677 | L9: =IFERROR(K9/E9,0) -> 0.038817261 | M9: =J9*الافتراضات!$B$7 -> 43429.12 | N9: =K9*الافتراضات!$B$7 -> 1753.8803 | O9: اويل روز بنشر | P9: الطازج، ماكدونالدز، كافتيريا باجيت | Q9: مزاج مغربي، يو كوفي، كيان، بون، ايت اوز، دوز كافيه | R9: فريش واي | S9: — | T9: 11
A10: MK047 | B10: القادسية | C10: مكة | D10: 9 | E10: 1696.7 | F10: 0.355 | G10: 0.369 | H10: 0.276 | I10: =IFERROR((H10/الافتراضات!$B$5)/(F10/الافتراضات!$B$3+G10/الافتراضات!$B$4+H10/الافتراضات!$B$5),0) -> 0.34107179 | J10: =E10-K10 -> 1447.0312 | K10: =E10*I10/(I10+الافتراضات!$B$6*(1-I10)) -> 249.66883 | L10: =IFERROR(K10/E10,0) -> 0.14714966 | M10: =J10*الافتراضات!$B$7 -> 43410.935 | N10: =K10*الافتراضات!$B$7 -> 7490.0649 | O10: Express care، valvoline by aramco | P10: ماكدونالدز | Q10: اوريف كافيه، تيم هورتنز | R10: فريش واي | S10: — | T10: 6
A11: MK015 | B11: النسيم | C11: جدة | D11: 6 | E11: 1989.8 | F11: 0.563 | G11: 0.427 | H11: 0 | I11: =IFERROR((H11/الافتراضات!$B$5)/(F11/الافتراضات!$B$3+G11/الافتراضات!$B$4+H11/الافتراضات!$B$5),0) -> 0 | J11: =E11-K11 -> 1989.8 | K11: =E11*I11/(I11+الافتراضات!$B$6*(1-I11)) -> 0 | L11: =IFERROR(K11/E11,0) -> 0 | M11: =J11*الافتراضات!$B$7 -> 59694 | N11: =K11*الافتراضات!$B$7 -> 0 | O11: كاراجي، بترومين | P11: كنتاكي، هارديز، الطازج | Q11: بارنز، كرسبي كريم، بون | R11: فريش واي | S11: — | T11: 9
A12: MK006 | B12: جنوب الطائف | C12: الطائف | D12: 5 | E12: 1709.4 | F12: 0.539 | G12: 0.461 | H12: 0 | I12: =IFERROR((H12/الافتراضات!$B$5)/(F12/الافتراضات!$B$3+G12/الافتراضات!$B$4+H12/الافتراضات!$B$5),0) -> 0 | J12: =E12-K12 -> 1709.4 | K12: =E12*I12/(I12+الافتراضات!$B$6*(1-I12)) -> 0 | L12: =IFERROR(K12/E12,0) -> 0 | M12: =J12*الافتراضات!$B$7 -> 51282 | N12: =K12*الافتراضات!$B$7 -> 0 | O12: بنشر اويل روز | P12: — | Q12: جاب كوكيز، بارنز، دانكن، يو كوفي | R12: أسواق الحليس | S12: — | T12: 6
A13: MK029 | B13: الدائري الثالث - الذكرى | C13: مكة | D13: 9 | E13: 1606.8 | F13: 0.416 | G13: 0.373 | H13: 0.211 | I13: =IFERROR((H13/الافتراضات!$B$5)/(F13/الافتراضات!$B$3+G13/الافتراضات!$B$4+H13/الافتراضات!$B$5),0) -> 0.26590612 | J13: =E13-K13 -> 1433.6941 | K13: =E13*I13/(I13+الافتراضات!$B$6*(1-I13)) -> 173.10594 | L13: =IFERROR(K13/E13,0) -> 0.10773334 | M13: =J13*الافتراضات!$B$7 -> 43010.822 | N13: =K13*الافتراضات!$B$7 -> 5193.1782 | O13: بترومين، car shield، T3 autocarwash | P13: ماكدونالدز، كرك شباتي، مشراق، بوبايز، معلوم | Q13: بون، جوينت، وزنة براد | R13: أسواق درب | S13: — | T13: 12
... A70: MK161 | B70: أبو عهر | C70: مكة | D70: 2 | E70: 71.3 | F70: 0.277 | G70: 0.155 | H70: 0.568 | I70: =IFERROR((H70/الافتراضات!$B$5)/(F70/الافتراضات!$B$3+G70/الافتراضات!$B$4+H70/الافتراضات!$B$5),0) -> 0.63866453 | J70: =E70-K70 -> 44.866175 | K70: =E70*I70/(I70+الافتراضات!$B$6*(1-I70)) -> 26.433825 | L70: =IFERROR(K70/E70,0) -> 0.37074088 | M70: =J70*الافتراضات!$B$7 -> 1345.9853 | N70: =K70*الافتراضات!$B$7 -> 793.01474 | O70: — | P70: — | Q70: — | R70: — | S70: — | T70: 0
A71: MK049 | B71: السلولي | C71: مكة | D71: لا توجد بيانات مبيعات | O71: مغسلة السلام، خدمات سيارات السلام | P71: — | Q71: بون، براتو | R71: Savve Mart | S71: — | T71: 5
A72: MK067 | B72: تربه | C72: الطائف | D72: لا توجد بيانات مبيعات | O72: بنشر ناشونال اويل ستوب، مغسلة Spot less | P72: — | Q72: كيمس، شاي خادر | R72: — | S72: — | T72: 4
A73: MK154 | B73: العليا | C73: جدة | D73: لا توجد بيانات مبيعات | O73: بترومين | P73: كنتاكي | Q73: ايسو كافيه | R73: اليخت للتسوق | S73: — | T73: 4
A74: AS081 | B74: خميس مشيط العزيزيه | C74: خميس مشيط | D74: لا توجد بيانات مبيعات | O74: بترومين | P74: — | Q74: KRO كافيه | R74: — | S74: — | T74: 2
A75: EP102 | B75: شارع أحد تاروت-القطيف | C75: الشرقية | D75: لا توجد بيانات مبيعات | O75: — | P75: — | Q75: — | R75: تموينات الذاهب | S75: صراف بنك الجزيرة | T75: 2
A76: BH065 | B76: النزهه | C76: الباحة | D76: لا توجد بيانات مبيعات | O76: بترومين | P76: كودو | Q76: دوز كافيه | R76: ودق ماركت | S76: صراف بنك الاهلي | T76: 5
A77: JA227 | B77: العارضة | C77: جازان | D77: لا توجد بيانات مبيعات | O77: البترول الذهبي | P77: — | Q77: — | R77: — | S77: صراف بنك البلاد | T77: 2
A78: JA272 | B78: الفيصلية | C78: جازان | D78: لا توجد بيانات مبيعات | O78: — | P78: — | Q78: — | R78: — | S78: — | T78: 0
A79: AS085 | B79: خيبر بيشة | C79: عسير | D79: لا توجد بيانات مبيعات | O79: — | P79: — | Q79: — | R79: — | S79: — | T79: 0
A80: AS271 | B80: مسارات درب عقبة شعار | C80: عسير | D80: لا توجد بيانات مبيعات | O80: — | P80: — | Q80: بارنز | R80: — | S80: — | T80: 1
A81: MK300 | B81: البغدادية | C81: جدة | D81: لا توجد بيانات مبيعات | O81: — | P81: — | Q81: — | R81: — | S81: — | T81: 0
A82: MK103 | B82: المعلمي | C82: جدة | D82: لا توجد بيانات مبيعات | O82: — | P82: — | Q82: — | R82: — | S82: — | T82: 0
... A88: EP134 | B88: حفر الباطن - الواحة | C88: الشرقية | D88: لا توجد بيانات مبيعات | O88: — | P88: — | Q88: — | R88: — | S88: — | T88: 0
A89: NP131 | D89: لا توجد بيانات مبيعات | O89: — | P89: — | Q89: — | R89: — | S89: — | T89: 0
A90: NP130 | D90: لا توجد بيانات مبيعات | O90: — | P90: — | Q90: — | R90: — | S90: — | T90: 0
A91: MD224 | D91: لا توجد بيانات مبيعات | O91: — | P91: — | Q91: — | R91: — | S91: — | T91: 0
A92: EP301 | D92: لا توجد بيانات مبيعات | O92: — | P92: — | Q92: — | R92: — | S92: — | T92: 0
A93: EP299 | D93: لا توجد بيانات مبيعات | O93: — | P93: — | Q93: — | R93: — | S93: — | T93: 0
A94: EP324 | D94: لا توجد بيانات مبيعات | O94: — | P94: — | Q94: — | R94: — | S94: — | T94: 0
A95: AS128 | D95: لا توجد بيانات مبيعات | O95: — | P95: — | Q95: — | R95: — | S95: — | T95: 0
A96: MK205 | D96: لا توجد بيانات مبيعات | O96: — | P96: — | Q96: — | R96: — | S96: — | T96: 0
A97: JA207 | D97: لا توجد بيانات مبيعات | O97: — | P97: — | Q97: — | R97: — | S97: — | T97: 0
A98: MK311 | D98: لا توجد بيانات مبيعات | O98: — | P98: — | Q98: — | R98: — | S98: — | T98: 0
A99: JA156 | D99: لا توجد بيانات مبيعات | O99: — | P99: — | Q99: — | R99: — | S99: — | T99: 0
B100: الإجمالي | E100: =SUM(E2:E99) -> 70851.5 | J100: =SUM(J2:J99) -> 65032.733 | K100: =SUM(K2:K99) -> 5818.767 | L100: =IFERROR(K100/E100,0) -> 0.082126236 | M100: =SUM(M2:M99) -> 1950982 | N100: =SUM(N2:N99) -> 174563.01 | T100: =SUM(T2:T99) -> 354

Sheet ربط المحطة بالشريك
A1: كود المحطة | B1: اسم المحطة | C1: المنطقة | D1: الفئة | E1: الشريك / البراند
A2: MK007 | B2: العمرة الجديدة | C2: مكة | D2: خدمات السيارات | E2: درب الصيانة
A3: MK007 | B3: العمرة الجديدة | C3: مكة | D3: خدمات السيارات | E3: كار شيلد
A4: MK007 | B4: العمرة الجديدة | C4: مكة | D4: خدمات السيارات | E4: هانكوك
A5: MK007 | B5: العمرة الجديدة | C5: مكة | D5: خدمات السيارات | E5: واش واي
A6: MK007 | B6: العمرة الجديدة | C6: مكة | D6: خدمات السيارات | E6: برنت
A7: MK007 | B7: العمرة الجديدة | C7: مكة | D7: خدمات السيارات | E7: العكبري
A8: MK007 | B8: العمرة الجديدة | C8: مكة | D8: خدمات السيارات | E8: البركة
A9: MK007 | B9: العمرة الجديدة | C9: مكة | D9: خدمات السيارات | E9: قطب
A10: MK007 | B10: العمرة الجديدة | C10: مكة | D10: خدمات السيارات | E10: كار ليزر
A11: MK007 | B11: العمرة الجديدة | C11: مكة | D11: خدمات السيارات | E11: كار هب برو
A12: MK007 | B12: العمرة الجديدة | C12: مكة | D12: المطاعم | E12: صامولجي
... A355: AS271 | B355: مسارات درب عقبة شعار | C355: عسير | D355: المقاهي | E355: بارنز

Sheet البراندات
A1: الشريك / البراند | B1: الفئة | C1: عدد المحطات | D1: المحطات
A2: فريش واي | B2: الماركت | C2: =COUNTIFS('ربط المحطة بالشريك'!$E$2:$E$355,A2,'ربط المحطة بالشريك'!$D$2:$D$355,B2) -> 17 | D2: أحلى مساء (MK028)، القادسية (MK047)، النسيم (MK015)، أبو وافي العمرة (MK033)، جبل النور (MK001)، الحسينية (MK008)، الرصيفة (MK016)، السواط - شهار (MK063)، عرفات الشوقية (MK017)، ممشى الشوقية (MK020)، بطحاء قريش 1 (MK022)، الحمرا - طريق الملك عبدالله (RY025)، المعيصم (MK002)، طريق صبيا (JA061)، بن درويش (MK023)، بطحاء قريش 2 (MK031)، الشرايع (MK019)
A3: بون | B3: المقاهي | C3: =COUNTIFS('ربط المحطة بالشريك'!$E$2:$E$355,A3,'ربط المحطة بالشريك'!$D$2:$D$355,B3) -> 14 | D3: العمرة الجديدة (MK007)، العوالي (MK003)، عاصفة الصحراء (MK004)، الشيباني (MK005)، أحلى مساء (MK028)، النسيم (MK015)، الدائري الثالث - الذكرى (MK029)، الرصيفة (MK016)، عرفات الشوقية (MK017)، المعيصم (MK002)، بن درويش (MK023)، بطحاء قريش 2 (MK031)، الشرايع (MK019)، السلولي (MK049)
A4: بارنز | B4: المقاهي | C4: =COUNTIFS('ربط المحطة بالشريك'!$E$2:$E$355,A4,'ربط المحطة بالشريك'!$D$2:$D$355,B4) -> 12 | D4: العوالي (MK003)، عاصفة الصحراء (MK004)، الشيباني (MK005)، النسيم (MK015)، جنوب الطائف (MK006)، السواط - شهار (MK063)، عرفات الشوقية (MK017)، الرصيفة المسار (MK018)، المعيصم (MK002)، الشرايع (MK019)، العريفي (HA043)، مسارات درب عقبة شعار (AS271)
A5: يو كوفي | B5: المقاهي | C5: =COUNTIFS('ربط المحطة بالشريك'!$E$2:$E$355,A5,'ربط المحطة بالشريك'!$D$2:$D$355,B5) -> 11 | D5: العمرة الجديدة (MK007)، العوالي (MK003)، عاصفة الصحراء (MK004)، الشيباني (MK005)، أحلى مساء (MK028)، جنوب الطائف (MK006)، الدائري الشمالي (RY075)، جبل النور (MK001)، الرصيفة (MK016)، ممشى الشوقية (MK020)، المعيصم (MK002)
A6: بترومين | B6: خدمات السيارات | C6: =COUNTIFS('ربط المحطة بالشريك'!$E$2:$E$355,A6,'ربط المحطة بالشريك'!$D$2:$D$355,B6) -> 11 | D6: العوالي (MK003)، النسيم (MK015)، الدائري الثالث - الذكرى (MK029)، الدائري الشمالي (RY075)، عرفات الشوقية (MK017)، ممشى الشوقية (MK020)، بن درويش (MK023)، البيعة (MK099)، العليا (MK154)، خميس مشيط العزيزيه (AS081)، النزهه (BH065)
A7: ماكدونالدز | B7: المطاعم | C7: =COUNTIFS('ربط المحطة بالشريك'!$E$2:$E$355,A7,'ربط المحطة بالشريك'!$D$2:$D$355,B7) -> 7 | D7: العمرة الجديدة (MK007)، عاصفة الصحراء (MK004)، الشيباني (MK005)، أحلى مساء (MK028)، القادسية (MK047)، الدائري الثالث - الذكرى (MK029)، المعيصم (MK002)
A8: كنتاكي | B8: المطاعم | C8: =COUNTIFS('ربط المحطة بالشريك'!$E$2:$E$355,A8,'ربط المحطة بالشريك'!$D$2:$D$355,B8) -> 6 | D8: عاصفة الصحراء (MK004)، النسيم (MK015)، الدائري الشمالي (RY075)، الناصفة (RY042)، الشرايع (MK019)، العليا (MK154)
A9: تيم هورتنز | B9: المقاهي | C9: =COUNTIFS('ربط المحطة بالشريك'!$E$2:$E$355,A9,'ربط المحطة بالشريك'!$D$2:$D$355,B9) -> 6 | D9: العوالي (MK003)، عاصفة الصحراء (MK004)، الشيباني (MK005)، القادسية (MK047)، المعيصم (MK002)، غرناطة - طريق الملك عبدالله (RY024)
A10: الطازج | B10: المطاعم | C10: =COUNTIFS('ربط المحطة بالشريك'!$E$2:$E$355,A10,'ربط المحطة بالشريك'!$D$2:$D$355,B10) -> 5 | D10: العوالي (MK003)، أحلى مساء (MK028)، النسيم (MK015)، الدائري الشمالي (RY075)، بطحاء قريش 2 (MK031)
A11: كرك شباتي | B11: المطاعم | C11: =COUNTIFS('ربط المحطة بالشريك'!$E$2:$E$355,A11,'ربط المحطة بالشريك'!$D$2:$D$355,B11) -> 5 | D11: عاصفة الصحراء (MK004)، الشيباني (MK005)، الدائري الثالث - الذكرى (MK029)، الحمرا - طريق الملك عبدالله (RY025)، الكر النازل (MK084)
A12: المذاق المغربي | B12: المقاهي | C12: =COUNTIFS('ربط المحطة بالشريك'!$E$2:$E$355,A12,'ربط المحطة بالشريك'!$D$2:$D$355,B12) -> 5 | D12: العمرة الجديدة (MK007)، العوالي (MK003)، كورنيش جيزان (JA069)، الكر النازل (MK084)، المعيصم (MK002)
A13: دانكن | B13: المقاهي | C13: =COUNTIFS('ربط المحطة بالشريك'!$E$2:$E$355,A13,'ربط المحطة بالشريك'!$D$2:$D$355,B13) -> 5 | D13: عاصفة الصحراء (MK004)، الشيباني (MK005)، جنوب الطائف (MK006)، السواط - شهار (MK063)، المعيصم (MK002)
... A208: هانكوك | B208: خدمات السيارات | C208: =COUNTIFS('ربط المحطة بالشريك'!$E$2:$E$355,A208,'ربط المحطة بالشريك'!$D$2:$D$355,B208) -> 1 | D208: العمرة الجديدة (MK007)

Sheet الافتراضات
A1: افتراضات تقدير السيارات الصغيرة والكبيرة
A3: سعر لتر بنزين 91 (ر.س) | B3: 2.18 | C3: سعر أرامكو الحالي — عدّله إن تغيّر
A4: سعر لتر بنزين 95 (ر.س) | B4: 2.33 | C4: سعر أرامكو الحالي — عدّله إن تغيّر
A5: سعر لتر الديزل (ر.س) | B5: 1.66 | C5: سعر أرامكو الحالي — عدّله إن تغيّر
A6: تعبئة السيارة الكبيرة ÷ تعبئة الصغيرة (مرة) | B6: 3 | C6: افتراض: الشاحنة/الحافلة تعبّئ ~3 أضعاف السيارة الصغيرة باللتر
A7: أيام الشهر | B7: 30 | C7: لتحويل اليومي إلى شهري
A10: المنهجية
A11: 1) الزيارات اليومية ومزيج الوقود (حصة كل وقود من الإيراد) مأخوذة من ملف تحليل المحطات (location-analysis) — فترة يناير–سبتمبر 2026 أو الأشهر المتوفرة لكل محطة.
A12: 2) الملف لا يحتوي عدّادًا مباشرًا للسيارات حسب الحجم، لذلك: السيارة الكبيرة = من تعبّئ ديزل، والصغيرة = من تعبّئ بنزين 91/95.
A13: 3) حصة الإيراد تُحوَّل إلى حصة لترات بالقسمة على سعر اللتر، ثم إلى عدد سيارات بقسمة لترات الديزل على معامل التعبئة (الخلية B6).
A14: سيارات كبيرة = الزيارات × ح ÷ (ح + المعامل × (1 − ح)) حيث ح = حصة لترات الديزل.
A15: 4) الأرقام تقديرية: بعض السيارات الصغيرة تعمل بالديزل (بيك أب)، فغيّر المعامل في الخلايا الصفراء لاختبار السيناريو وستتحدث الجداول تلقائيًا.
A16: 5) الشركاء والبراندات من ملف Darb Units (تبويب Stations). المحطات المذكورة في ملف الوحدات بلا بيانات مبيعات تظهر في آخر الجدول بخانات حركة فارغة.
